[
{
	"id": 1,
	"name": "Blue Theme",
	"description": "Consectetur adipiscing elit. Vestibulum condimentum turpis nec nunc scelerisque convallis. Pellentesque habitant morbi tristique senectus et netus et malesuada fames ac turpis egestas. Maecenas id diam enim.",
	"type": "html5",
	"price": 9.99,
	"images": [{
		"name": "blue.jpg"
	}, {
		"name": "blue2.jpg"
	}, {
		"name": "blue3.jpg"
	}, {
		"name": "blue4.jpg"
	}, {
		"name": "blue5.jpg"
	}]
}, {
	"id": 2,
	"name": "Red Theme",
	"description": "Consectetur adipiscing elit. Vestibulum condimentum turpis nec nunc scelerisque convallis. Pellentesque habitant morbi tristique senectus et netus et malesuada fames ac turpis egestas. Maecenas id diam enim.",
	"type": "html5",
	"price": 9.99,
	"images": [{
		"name": "red.jpg"
	}],
	"soldOut": true
}, {
	"id": 3,
	"name": "Orange Theme",
	"description": "Consectetur adipiscing elit. Vestibulum condimentum turpis nec nunc scelerisque convallis. Pellentesque habitant morbi tristique senectus et netus et malesuada fames ac turpis egestas. Maecenas id diam enim.",
	"type": "Joomla",
	"price": 12.99,
	"images": [{
		"name": "orange.jpg"
	}]
}, {
	"id": 4,
	"name": "Gray Theme",
	"description": "Consectetur adipiscing elit. Vestibulum condimentum turpis nec nunc scelerisque convallis. Pellentesque habitant morbi tristique senectus et netus et malesuada fames ac turpis egestas. Maecenas id diam enim.",
	"type": "Joomla",
	"price": 12.99,
	"images": [{
		"name": "gray.jpg"
	}]
}, {
	"id": 5,
	"name": "Purple Theme",
	"description": "Consectetur adipiscing elit. Vestibulum condimentum turpis nec nunc scelerisque convallis. Pellentesque habitant morbi tristique senectus et netus et malesuada fames ac turpis egestas. Maecenas id diam enim.",
	"type": "html5",
	"price": 9.99,
	"images": [{
		"name": "purple.jpg"
	}]
}, {
	"name": "Green Wordpress Theme",
	"description": "Consectetur adipiscing elit. Vestibulum condimentum turpis nec nunc scelerisque convallis. Pellentesque habitant morbi tristique senectus et netus et malesuada fames ac turpis egestas. Maecenas id diam enim.",
	"type": "wordpress",
	"price": 15.99,
	"available": true,
	"images": [{
		"name": "green.jpg"
	}]
}
]